{
  "ClientPerFileChecksums": {
    ".gitignore": "C8_VaC8EcEG56Ufcy1DFyC8Ky19iV9xSsXMDIAcmF2GTj8=",
    "AppCheckerResult.sarif": "C8_u4n+aas4G75pMs0qdVj5m7wD3Jj1JqJGyLJtScF2sPM=",
    "Assets\\Images\\0001.png": "C8_6YxVw+/qgcPSo02OMsDI/gUmsNm10pD9Pmd39YHoDmU=",
    "Assets\\Images\\0002.jpg": "C8_O3srwISjJJNexi7MtOccLBSU1IaAh8YaUC7OUxT5t0M=",
    "Assets\\Images\\0003.png": "C8_XAU6NShK0RsVqi3lhXn7xI3fxjl7RXpidaoaeL4cuMs=",
    "Controls\\1.json": "C8_MKhlYvFIQyv1Ev87n+T+uffox/sybpeTJPJvtXZDb0w=",
    "Controls\\118.json": "C8_r5/HQq9q7YF5QRUjsoMv+Xg1klD1kUgAEglMlzrfWho=",
    "Controls\\145.json": "C8_tvH4egSYdCX0QvcSQnnQMAjeZY54rGqRmLm9Ob/KgEM=",
    "Controls\\162.json": "C8_A5AD1pbk0PAu7R8WZ2bJ3bHU2LaQAJvYOv50lBAFSGc=",
    "Controls\\193.json": "C8_AIWS6G9QQmIOdBvhEFXWg+n4urTATG38kJLVTGtckmU=",
    "Controls\\20.json": "C8_n3v7P12josNjagGZqMWikVZQaUh5w7A/3BkwS3ZU8No=",
    "Controls\\212.json": "C8_HINLc5ppUPBk1dX6v+2jCUWnfX5RS3P6/DSmqQfmtsM=",
    "Controls\\225.json": "C8_Goni6WNOlEEemPgw67Cxc4xiwPHdidfJXtuuBvYhS4I=",
    "Controls\\237.json": "C8_XVxIHclJioBwtZikm2BZDAmVOqGmlSgh7zYGjExHVjs=",
    "Controls\\264.json": "C8_MVhlyLcvkH8OqiXqK5GfUPxqsmvoU8ZDUGLtSWpf8ig=",
    "Controls\\270.json": "C8_m52DO4AftKTbZbercVV5CWeaw0eeh3HJoBMkJ70UTy8=",
    "Controls\\282.json": "C8_Gazwtg4T6a8PAhheYgS/XdH2rNX41nMznfPqyxOywuM=",
    "Controls\\295.json": "C8_xjjmOH15yvLMjds+hUxnck0iEx4AEicqZ4JlZluAOaA=",
    "Controls\\337.json": "C8_vvY5S7qMAbWsg34j+Bue+f10AcZ0BLNeHGAuco4yloE=",
    "Controls\\374.json": "C8_V+TK1kHrm4d4w+Smildx//ZqxOKejsCOwWrRiQHM7hw=",
    "Controls\\382.json": "C8_tf4FaCtYZ4OV5pf5c9q7vqt+Vdt0vmf04mQ5yVZyR/U=",
    "Controls\\4.json": "C8_TwcqTBE+u5h/NTczcpVErwsA5HUAKzFZXGZ22iiQF7Y=",
    "Controls\\406.json": "C8_m/QjkUqRRntCTSfEXfgOZ2T5lxLxX8FUWMlrYokku+w=",
    "Controls\\414.json": "C8_Lw2lN6J0T2ZOpKCulXe+EiSEKuSvKt7yLj2+nbcTZ8o=",
    "Controls\\440.json": "C8_dKHub84hUvpNYYh5rsG+SUs2xIH+TNyAntcJqhpWW9Y=",
    "Controls\\485.json": "C8_yk/l5gwVJZt2nIFPk3hSyd87c1uBwUc3KlxZvuFen5k=",
    "Controls\\5.json": "C8_7ylJYa/kkoBbR7dKfgo32T1fCOgCDXhxuhmRbo7K4K8=",
    "Controls\\503.json": "C8_Qw6n+T2BbZqsf5G83h58lq9ErEUm96lotrcLG4HQv5I=",
    "Controls\\560.json": "C8_EVDsyqjd1iOOpuPGRpza11fvobDTfjnrdlrjqkArwPE=",
    "Controls\\572.json": "C8_GdM/PUzXAhgGmbYgWt92LGImrIuoJQQl6VXheGkkM1M=",
    "Controls\\584.json": "C8_Qul+gROhG1m1Mc7gkM5UNhaL9tWK8kLwHqK7JzcWKmM=",
    "Controls\\596.json": "C8_cyJf4+BTED2mDlRH9BliK+32RXkDonpL+SizDZr3WZo=",
    "Controls\\630.json": "C8_pW8SyKFlwdWPypIqQ/CtFaXgmPtg8UvkETLjME53jvs=",
    "Controls\\638.json": "C8_MZOJxNECR9O+YEbhXOfNA12Bkh8rVv9NDZ0RpFPJpag=",
    "Controls\\648.json": "C8_M4QMVNQAApC+ngil2an93nmGpyLZhBLYtF4r0G+7TS4=",
    "Controls\\702.json": "C8_sQMtv5+BeXX6x/7RNtwaK2GODv8AYQkBZnx89Ft3BtA=",
    "Controls\\705.json": "C8_JLM91GcBqrdLxHi0zdghe7tHJ4oSA5UV1xmeJq3NZJs=",
    "Controls\\723.json": "C8_ZImtJ4/yDygWMLGOCO3z7OlnClkfSIhmo3E7Ox+B+Jg=",
    "Controls\\733.json": "C8_sR85HA+YP2VsiTnkpX0A4XMALCgrLTGK+FkvQP/k9Tw=",
    "Controls\\777.json": "C8_ydtgOSzGmkdxht76HAV+FCzl3jgtL4qyVsB27MQyCfc=",
    "Controls\\780.json": "C8_RQ4jzwBlG4UafLaEbSaD6OjCb1ba1wyvNXsWoc3N970=",
    "Controls\\801.json": "C8_5tGvj4vVMR+u4zIaKUbx2r6JRNqlPYhgpiNG1DYAz1o=",
    "Controls\\858.json": "C8_OfCQJqQIWIsK/XzJsKQtyYf1fW4SUxcYh9VgOeY/ZsY=",
    "Controls\\886.json": "C8_4xC+Mxneazz6K/CXwzKnteTGPg361AEQA0OaMrzE3Nc=",
    "Controls\\914.json": "C8_eDfGuTDh6X4vMUHO5KTniUyZAEw1HNXdd67BeCaRbJU=",
    "Controls\\933.json": "C8_GhfMTlgcht9V7DDiZhxJFKQABoPpW0It2iufBmyksCA=",
    "Controls\\938.json": "C8_LOPb8RVI+peQsf6rA9xST3Nme2LEHg99Vpi2EjZmOfY=",
    "Header.json": "C8_r7ysudfYKGumO7MlwgmoICY7QI3ltpi7yPEb8KQvcds=",
    "Properties.json": "C8_ctMCKrW7wUOM9+AooSm7Qr0jrZY2YpQzXXbSiY6TRTc=",
    "References\\DataSources.json": "C8_gi28g/qQD3LgPMfBzUa3fVaxkLvRT95KVZxxx0b3YLc=",
    "References\\ModernThemes.json": "C8_KDQJ/3t27vgKx25iCQB/PGqxkWE34ZB7Eyb+RxNxY0k=",
    "References\\Resources.json": "C8_dt4iv+yglFQJEFPztTdBRigMJf+s7CE96crGfifZUCM=",
    "References\\Templates.json": "C8_gPy2ZveUY/aagS1u/V6dCzfN2uqBJKQ+MsN416qLiN0=",
    "References\\Themes.json": "C8_zuMgLpz3IJQlVgGqo3GtyhriL3PR35GxXf+rtPR4Gfc=",
    "Resources\\PublishInfo.json": "C8_TOmorb5MkZDxbA7l0/+TMQ+WorT5VBAk4kKN5nHGyzI="
  },
  "ClientStampedChecksum": "C8_3WGzHlFAyQy9BeP2RXelSAf+o0HpXBt/XVhrL5I2Jec=",
  "ServerPerFileChecksums": {
    ".gitignore": "C8_VaC8EcEG56Ufcy1DFyC8Ky19iV9xSsXMDIAcmF2GTj8=",
    "AppCheckerResult.sarif": "C8_u4n+aas4G75pMs0qdVj5m7wD3Jj1JqJGyLJtScF2sPM=",
    "Assets\\Images\\0001.png": "C8_6YxVw+/qgcPSo02OMsDI/gUmsNm10pD9Pmd39YHoDmU=",
    "Assets\\Images\\0002.jpg": "C8_O3srwISjJJNexi7MtOccLBSU1IaAh8YaUC7OUxT5t0M=",
    "Assets\\Images\\0003.png": "C8_XAU6NShK0RsVqi3lhXn7xI3fxjl7RXpidaoaeL4cuMs=",
    "Controls\\1.json": "C8_MKhlYvFIQyv1Ev87n+T+uffox/sybpeTJPJvtXZDb0w=",
    "Controls\\118.json": "C8_r5/HQq9q7YF5QRUjsoMv+Xg1klD1kUgAEglMlzrfWho=",
    "Controls\\145.json": "C8_tvH4egSYdCX0QvcSQnnQMAjeZY54rGqRmLm9Ob/KgEM=",
    "Controls\\162.json": "C8_A5AD1pbk0PAu7R8WZ2bJ3bHU2LaQAJvYOv50lBAFSGc=",
    "Controls\\193.json": "C8_AIWS6G9QQmIOdBvhEFXWg+n4urTATG38kJLVTGtckmU=",
    "Controls\\20.json": "C8_n3v7P12josNjagGZqMWikVZQaUh5w7A/3BkwS3ZU8No=",
    "Controls\\212.json": "C8_HINLc5ppUPBk1dX6v+2jCUWnfX5RS3P6/DSmqQfmtsM=",
    "Controls\\225.json": "C8_Goni6WNOlEEemPgw67Cxc4xiwPHdidfJXtuuBvYhS4I=",
    "Controls\\237.json": "C8_XVxIHclJioBwtZikm2BZDAmVOqGmlSgh7zYGjExHVjs=",
    "Controls\\264.json": "C8_MVhlyLcvkH8OqiXqK5GfUPxqsmvoU8ZDUGLtSWpf8ig=",
    "Controls\\270.json": "C8_m52DO4AftKTbZbercVV5CWeaw0eeh3HJoBMkJ70UTy8=",
    "Controls\\282.json": "C8_Gazwtg4T6a8PAhheYgS/XdH2rNX41nMznfPqyxOywuM=",
    "Controls\\295.json": "C8_xjjmOH15yvLMjds+hUxnck0iEx4AEicqZ4JlZluAOaA=",
    "Controls\\337.json": "C8_vvY5S7qMAbWsg34j+Bue+f10AcZ0BLNeHGAuco4yloE=",
    "Controls\\374.json": "C8_V+TK1kHrm4d4w+Smildx//ZqxOKejsCOwWrRiQHM7hw=",
    "Controls\\382.json": "C8_tf4FaCtYZ4OV5pf5c9q7vqt+Vdt0vmf04mQ5yVZyR/U=",
    "Controls\\4.json": "C8_TwcqTBE+u5h/NTczcpVErwsA5HUAKzFZXGZ22iiQF7Y=",
    "Controls\\406.json": "C8_m/QjkUqRRntCTSfEXfgOZ2T5lxLxX8FUWMlrYokku+w=",
    "Controls\\414.json": "C8_Lw2lN6J0T2ZOpKCulXe+EiSEKuSvKt7yLj2+nbcTZ8o=",
    "Controls\\440.json": "C8_dKHub84hUvpNYYh5rsG+SUs2xIH+TNyAntcJqhpWW9Y=",
    "Controls\\485.json": "C8_yk/l5gwVJZt2nIFPk3hSyd87c1uBwUc3KlxZvuFen5k=",
    "Controls\\5.json": "C8_7ylJYa/kkoBbR7dKfgo32T1fCOgCDXhxuhmRbo7K4K8=",
    "Controls\\503.json": "C8_Qw6n+T2BbZqsf5G83h58lq9ErEUm96lotrcLG4HQv5I=",
    "Controls\\560.json": "C8_EVDsyqjd1iOOpuPGRpza11fvobDTfjnrdlrjqkArwPE=",
    "Controls\\572.json": "C8_GdM/PUzXAhgGmbYgWt92LGImrIuoJQQl6VXheGkkM1M=",
    "Controls\\584.json": "C8_Qul+gROhG1m1Mc7gkM5UNhaL9tWK8kLwHqK7JzcWKmM=",
    "Controls\\596.json": "C8_cyJf4+BTED2mDlRH9BliK+32RXkDonpL+SizDZr3WZo=",
    "Controls\\630.json": "C8_pW8SyKFlwdWPypIqQ/CtFaXgmPtg8UvkETLjME53jvs=",
    "Controls\\638.json": "C8_MZOJxNECR9O+YEbhXOfNA12Bkh8rVv9NDZ0RpFPJpag=",
    "Controls\\648.json": "C8_M4QMVNQAApC+ngil2an93nmGpyLZhBLYtF4r0G+7TS4=",
    "Controls\\702.json": "C8_sQMtv5+BeXX6x/7RNtwaK2GODv8AYQkBZnx89Ft3BtA=",
    "Controls\\705.json": "C8_JLM91GcBqrdLxHi0zdghe7tHJ4oSA5UV1xmeJq3NZJs=",
    "Controls\\723.json": "C8_ZImtJ4/yDygWMLGOCO3z7OlnClkfSIhmo3E7Ox+B+Jg=",
    "Controls\\733.json": "C8_sR85HA+YP2VsiTnkpX0A4XMALCgrLTGK+FkvQP/k9Tw=",
    "Controls\\777.json": "C8_ydtgOSzGmkdxht76HAV+FCzl3jgtL4qyVsB27MQyCfc=",
    "Controls\\780.json": "C8_RQ4jzwBlG4UafLaEbSaD6OjCb1ba1wyvNXsWoc3N970=",
    "Controls\\801.json": "C8_5tGvj4vVMR+u4zIaKUbx2r6JRNqlPYhgpiNG1DYAz1o=",
    "Controls\\858.json": "C8_OfCQJqQIWIsK/XzJsKQtyYf1fW4SUxcYh9VgOeY/ZsY=",
    "Controls\\886.json": "C8_4xC+Mxneazz6K/CXwzKnteTGPg361AEQA0OaMrzE3Nc=",
    "Controls\\914.json": "C8_eDfGuTDh6X4vMUHO5KTniUyZAEw1HNXdd67BeCaRbJU=",
    "Controls\\933.json": "C8_GhfMTlgcht9V7DDiZhxJFKQABoPpW0It2iufBmyksCA=",
    "Controls\\938.json": "C8_LOPb8RVI+peQsf6rA9xST3Nme2LEHg99Vpi2EjZmOfY=",
    "Header.json": "C8_r7ysudfYKGumO7MlwgmoICY7QI3ltpi7yPEb8KQvcds=",
    "Properties.json": "C8_ctMCKrW7wUOM9+AooSm7Qr0jrZY2YpQzXXbSiY6TRTc=",
    "References\\DataSources.json": "C8_gi28g/qQD3LgPMfBzUa3fVaxkLvRT95KVZxxx0b3YLc=",
    "References\\ModernThemes.json": "C8_KDQJ/3t27vgKx25iCQB/PGqxkWE34ZB7Eyb+RxNxY0k=",
    "References\\Resources.json": "C8_dt4iv+yglFQJEFPztTdBRigMJf+s7CE96crGfifZUCM=",
    "References\\Templates.json": "C8_gPy2ZveUY/aagS1u/V6dCzfN2uqBJKQ+MsN416qLiN0=",
    "References\\Themes.json": "C8_zuMgLpz3IJQlVgGqo3GtyhriL3PR35GxXf+rtPR4Gfc=",
    "Resources\\PublishInfo.json": "C8_TOmorb5MkZDxbA7l0/+TMQ+WorT5VBAk4kKN5nHGyzI="
  },
  "ServerStampedChecksum": "C8_3WGzHlFAyQy9BeP2RXelSAf+o0HpXBt/XVhrL5I2Jec="
}