{
  "FormatVersion": "0.24",
  "Header": {
    "AnalysisOptions": {
      "DataflowAnalysisEnabled": false,
      "DataflowAnalysisFlagStateToggledByUser": false
    },
    "DocVersion": "1.341",
    "MinVersionToLoad": "1.331",
    "MSAppStructureVersion": "2.0"
  },
  "Properties": {
    "AppCreationSource": "AppFromScratch",
    "AppDescription": "",
    "AppPreviewFlagsMap": {
      "aibuilderserviceenrollment": false,
      "allowmultiplescreensincanvaspages": false,
      "appinsightserrortracing": false,
      "appinstrumentationcorrelationtracing": false,
      "autocreateenvironmentvariables": false,
      "behaviorpropertyui": false,
      "blockmovingcontrol": true,
      "cdsdataformatting": false,
      "classiccontrols": false,
      "commentgeneratedformulas": true,
      "consistentreturnschemafortabularfunctions": true,
      "copyandmerge": false,
      "dataflowanalysisenabled": false,
      "datatablev2control": true,
      "dataverseactionsenabled": true,
      "delaycontrolrendering": true,
      "delayloadscreens": true,
      "disablebehaviorreturntypecheck": false,
      "disablecdsfileandlargeimage": false,
      "disableruntimepolicies": false,
      "dynamicschema": false,
      "enableappembeddingux": false,
      "enablechatbotfeature": true,
      "enablecomponentnamemaps": false,
      "enablecomponentscopeoldbehavior": false,
      "enablecopilotanswercontrol": false,
      "enablecopilotcontrol": true,
      "enabledataverseoffline": false,
      "enableeditcacherefreshfrequency": false,
      "enableeditinmcs": false,
      "enableexcelonlinebusinessv2connector": true,
      "enableideaspanel": true,
      "enablelegacybarcodescanner": false,
      "enableonstart": true,
      "enableonstartnavigate": false,
      "enablepcfmoderndatasets": true,
      "enablerowscopeonetonexpand": false,
      "enablerpawarecomponentdependency": true,
      "enablesaveloadcleardataonweb": true,
      "enableupdateifdelegation": false,
      "errorhandling": true,
      "expandedsavedatasupport": true,
      "exportimportcomponents2": true,
      "externalmessage": false,
      "fluentv9controls": false,
      "fluentv9controlspreview": false,
      "formuladataprefetch": true,
      "formularepair": false,
      "generatedebugpublishedapp": false,
      "herocontrols": false,
      "improvedtabstopbehavior": false,
      "isemptyrequirestableargument": true,
      "keeprecentscreensloaded": false,
      "longlivingcache": false,
      "mobilenativerendering": false,
      "nativecdsexperimental": true,
      "onegrid": false,
      "optimizedforteamsmeeting": false,
      "packagemodernruntime": false,
      "parallelcodegen": false,
      "pdffunction": true,
      "powerfxdecimal": false,
      "powerfxv1": false,
      "primaryoutputpropertycoerciondeprecated": true,
      "projectionmapping": true,
      "reactformulabar": false,
      "reliableconcurrent": true,
      "reservedkeywords": false,
      "rtlinstudiopreview": false,
      "rtlsupport": false,
      "showclassicthemes": false,
      "smartemaildatacard": false,
      "sqlstoredprocedureenabled": false,
      "supportcolumnnamesasidentifiers": true,
      "tabledoesntwraprecords": true,
      "usedisplaynamemetadata": true,
      "useenforcesavedatalimits": true,
      "useexperimentalcdsconnector": true,
      "useexperimentalsqlconnector": true,
      "useguiddatatypes": true,
      "usenonblockingonstartrule": true,
      "userdefinedfunctions": false,
      "webbarcodescanner": true,
      "zeroalltabindexes": false
    },
    "Author": "",
    "BindingErrorCount": 3,
    "ContainsThirdPartyPcfControls": false,
    "DefaultConnectedDataSourceMaxGetRowsCount": 500,
    "DocumentAppType": "Phone",
    "DocumentLayoutHeight": 1136,
    "DocumentLayoutLockOrientation": false,
    "DocumentLayoutMaintainAspectRatio": false,
    "DocumentLayoutOrientation": "portrait",
    "DocumentLayoutScaleToFit": false,
    "DocumentLayoutWidth": 640,
    "DocumentType": "App",
    "EnableInstrumentation": false,
    "FileID": "370c30cc-e771-457b-a984-2f8f9f3dc6ee",
    "Id": "2da539e9-1cc8-46cf-9c68-97bf9dac3363",
    "InstrumentationKey": "",
    "LocalDatabaseReferences": "",
    "ManualOfflineProfileId": "",
    "Name": "2023-2024%2BSB%2BPDGo%2BDevelopment%2BApplication.msapp",
    "OriginatingVersion": "1.334",
    "ParserErrorCount": 2,
    "ShowStatusBar": false
  },
  "PublishInfo": {
    "AppName": "2023-2024 SB PDGo Development Application",
    "BackgroundColor": "RGBA(0,176,240,1)",
    "IconColor": "RGBA(255,255,255,1)",
    "IconName": "Edit",
    "LogoFileName": "",
    "PublishDataLocally": false,
    "PublishResourcesLocally": false,
    "PublishTarget": "player",
    "UserLocale": "en-US"
  },
  "ScreenOrder": [
    "Admin - Tools",
    "Debug Screen",
    "Facility Request - Admin - Assign Group",
    "Facility Request - Admin - Create New Group",
    "Facility Request - Admin - Edit Category",
    "Facility Request - Admin - Home",
    "Facility Request - Admin - Manage Categories",
    "Facility Request - Admin - Manage Category",
    "Facility Request - Admin - Manage Request Category",
    "Facility Request - Admin - Manage Request",
    "Facility Request - Admin - View Requests",
    "Facility Request - Submitted Successfully",
    "Facility Request - User - Edit Forms",
    "Facility Request - User - Facility Form",
    "Facility Request - User - Home",
    "Facility Request - User - Manage Request",
    "General Success Screen",
    "Home Screen",
    "Profile - Calendar",
    "Profile - Edit",
    "Profile - Office",
    "Profile - Selected Team Member",
    "Profile - Settings",
    "Profile - Supervisor",
    "Profile - Team",
    "Profile",
    "Time Off Request - Admin - View List Screen",
    "TO Request Date Screen",
    "TO Request Screen",
    "Open Request Screen",
    "Training Tracker - ADMIN - Add Training",
    "Training Tracker - Attendee List",
    "Training Tracker - Check In",
    "Training Tracker - Check Out",
    "Training Tracker - Home",
    "Training Tracker - MCLE Certificate Chooser Single",
    "Training Tracker - MCLE Certificate Chooser",
    "Training Tracker - MCLE Certificate",
    "Training Tracker - RSVP Success",
    "Training Tracker - View Training Details",
    "Training Tracker - View Trainings"
  ]
}