{
  "DataEntityMetadataJson": {
    "c711c28f-ed07-432e-92ee-38efdaedffed": "{\"name\":\"c711c28f-ed07-432e-92ee-38efdaedffed\",\"title\":\"MCLETrainings\",\"x-ms-permission\":\"read-write\",\"x-ms-capabilities\":{\"sortRestrictions\":{\"sortable\":true,\"unsortableProperties\":[\"Location\",\"Address\",\"MCLE_Category\",\"VideoIcon\",\"{Identifier}\",\"{IsFolder}\",\"{Thumbnail}\",\"{Link}\",\"{Name}\",\"{FilenameWithExtension}\",\"{Path}\",\"{FullPath}\",\"{ModerationStatus}\",\"{ModerationComment}\",\"{HasAttachments}\",\"{Attachments}\",\"{VersionNumber}\",\"{TriggerWindowStartToken}\",\"{TriggerWindowEndToken}\"]},\"filterRestrictions\":{\"filterable\":true,\"nonFilterableProperties\":[\"Location\",\"Address\",\"VideoIcon\",\"QRCode\",\"{Identifier}\",\"{IsFolder}\",\"{Thumbnail}\",\"{Link}\",\"{Name}\",\"{FilenameWithExtension}\",\"{Path}\",\"{FullPath}\",\"{ModerationStatus}\",\"{ModerationComment}\",\"{HasAttachments}\",\"{Attachments}\",\"{VersionNumber}\",\"{TriggerWindowStartToken}\",\"{TriggerWindowEndToken}\"]},\"isOnlyServerPagable\":true,\"filterFunctionSupport\":[\"and\",\"or\",\"eq\",\"startswith\",\"gt\",\"ge\",\"lt\",\"le\",\"ne\"],\"serverPagingOptions\":[\"top\",\"skiptoken\"],\"odataVersion\":3},\"schema\":{\"type\":\"array\",\"items\":{\"type\":\"object\",\"required\":[],\"properties\":{\"ID\":{\"title\":\"ID\",\"description\":\"List item id. Use this value for specifying the item to act on in other list related actions.\",\"type\":\"integer\",\"format\":\"int64\",\"x-ms-keyType\":\"primary\",\"x-ms-keyOrder\":1,\"x-ms-permission\":\"read-only\",\"x-ms-sort\":\"asc,desc\",\"x-ms-capabilities\":{\"filterFunctions\":[\"eq\"]}},\"Title\":{\"title\":\"Title\",\"type\":\"string\",\"x-ms-permission\":\"read-write\",\"x-ms-sort\":\"asc,desc\",\"x-ms-capabilities\":{\"filterFunctions\":[\"eq\",\"startswith\"]},\"maxLength\":255},\"TrainingLocation\":{\"title\":\"Training\",\"type\":\"string\",\"x-ms-permission\":\"read-write\",\"x-ms-sort\":\"asc,desc\",\"x-ms-capabilities\":{\"filterFunctions\":[\"eq\",\"startswith\"]},\"maxLength\":255},\"TrainingHost\":{\"title\":\"Training Host\",\"type\":\"string\",\"x-ms-permission\":\"read-write\",\"x-ms-sort\":\"asc,desc\",\"x-ms-capabilities\":{\"filterFunctions\":[\"eq\",\"startswith\"]},\"maxLength\":255},\"TrainingDate\":{\"title\":\"TrainingStartDate\",\"type\":\"string\",\"format\":\"date-time\",\"x-ms-permission\":\"read-write\",\"x-ms-sort\":\"asc,desc\",\"x-ms-capabilities\":{\"filterFunctions\":[\"eq\",\"gt\",\"ge\",\"lt\",\"le\",\"ne\"]}},\"TrainingEndDay\":{\"title\":\"TrainingEndDay\",\"type\":\"string\",\"format\":\"date-time\",\"x-ms-permission\":\"read-write\",\"x-ms-sort\":\"asc,desc\",\"x-ms-capabilities\":{\"filterFunctions\":[\"eq\",\"gt\",\"ge\",\"lt\",\"le\",\"ne\"]}},\"Location\":{\"title\":\"Location\",\"type\":\"string\",\"x-ms-permission\":\"read-write\",\"x-ms-sort\":\"none\"},\"Address\":{\"title\":\"Address\",\"type\":\"string\",\"x-ms-permission\":\"read-write\",\"x-ms-sort\":\"none\"},\"MCLE_Category#Id\":{\"title\":\"MCLE_Category Id\",\"x-ms-permission\":\"read-only\",\"x-ms-visibility\":\"internal\",\"type\":\"array\",\"items\":{\"type\":\"integer\",\"format\":\"int64\"},\"@odata.type\":\"#Collection(Microsoft.Azure.Connectors.SharePoint.SPListExpandedReference)\"},\"MCLE_Category@odata.type\":{\"title\":\"MCLE_Category\",\"type\":\"string\",\"x-ms-visibility\":\"internal\",\"x-ms-permission\":\"read-write\"},\"MCLE_Category\":{\"title\":\"MCLE_Category\",\"x-ms-permission\":\"read-write\",\"type\":\"array\",\"items\":{\"type\":\"object\",\"x-ms-sort\":\"none\",\"x-ms-capabilities\":{\"x-ms-sp\":{\"IsChoice\":true},\"filterFunctions\":[\"eq\"]},\"properties\":{\"@odata.type\":{\"title\":\"@odata.type\",\"x-ms-visibility\":\"internal\",\"type\":\"string\",\"x-ms-permission\":\"read-write\"},\"Value\":{\"title\":\"Value\",\"type\":\"string\",\"default\":\"General MCLE\",\"x-ms-dynamic-values\":{\"operationId\":\"GetEntityValues\",\"parameters\":{\"dataset\":{\"parameter\":\"dataset\"},\"table\":{\"parameter\":\"table\"},\"id\":\"a9309946-704f-49f9-82e4-1761dfe4c956\"},\"value-path\":\"Value\",\"value-title\":\"Value\",\"value-collection\":\"value\"}},\"Id\":{\"title\":\"Id\",\"type\":\"integer\",\"format\":\"int64\",\"x-ms-visibility\":\"internal\",\"default\":0,\"x-ms-permission\":\"read-only\"}},\"x-ms-displayFormat\":{\"titleProperty\":\"Value\"}},\"@odata.type\":\"#Collection(Microsoft.Azure.Connectors.SharePoint.SPListExpandedReference)\"},\"TrainingFormat#Id\":{\"title\":\"TrainingFormat Id\",\"type\":\"integer\",\"format\":\"int64\",\"x-ms-permission\":\"read-only\",\"x-ms-visibility\":\"internal\"},\"TrainingFormat\":{\"title\":\"TrainingFormat\",\"type\":\"object\",\"x-ms-permission\":\"read-write\",\"x-ms-sort\":\"asc,desc\",\"x-ms-capabilities\":{\"x-ms-sp\":{\"IsChoice\":true},\"filterFunctions\":[\"eq\"]},\"properties\":{\"@odata.type\":{\"title\":\"@odata.type\",\"x-ms-visibility\":\"internal\",\"type\":\"string\",\"x-ms-permission\":\"read-write\"},\"Value\":{\"title\":\"Value\",\"type\":\"string\",\"x-ms-dynamic-values\":{\"operationId\":\"GetEntityValues\",\"parameters\":{\"dataset\":{\"parameter\":\"dataset\"},\"table\":{\"parameter\":\"table\"},\"id\":\"940238c0-1693-445f-af97-137a84f2105f\"},\"value-path\":\"Value\",\"value-title\":\"Value\",\"value-collection\":\"value\"}},\"Id\":{\"title\":\"Id\",\"type\":\"integer\",\"format\":\"int64\",\"x-ms-visibility\":\"internal\",\"x-ms-permission\":\"read-only\"}},\"x-ms-displayFormat\":{\"titleProperty\":\"Value\"}},\"TrainingStatus#Id\":{\"title\":\"TrainingStatus Id\",\"type\":\"integer\",\"format\":\"int64\",\"x-ms-permission\":\"read-only\",\"x-ms-visibility\":\"internal\"},\"TrainingStatus\":{\"title\":\"TrainingStatus\",\"type\":\"object\",\"x-ms-permission\":\"read-write\",\"x-ms-sort\":\"asc,desc\",\"x-ms-capabilities\":{\"x-ms-sp\":{\"IsChoice\":true},\"filterFunctions\":[\"eq\"]},\"properties\":{\"@odata.type\":{\"title\":\"@odata.type\",\"x-ms-visibility\":\"internal\",\"type\":\"string\",\"x-ms-permission\":\"read-write\"},\"Value\":{\"title\":\"Value\",\"type\":\"string\",\"x-ms-dynamic-values\":{\"operationId\":\"GetEntityValues\",\"parameters\":{\"dataset\":{\"parameter\":\"dataset\"},\"table\":{\"parameter\":\"table\"},\"id\":\"8f841341-fd9d-495e-a094-6953b746de5d\"},\"value-path\":\"Value\",\"value-title\":\"Value\",\"value-collection\":\"value\"}},\"Id\":{\"title\":\"Id\",\"type\":\"integer\",\"format\":\"int64\",\"x-ms-visibility\":\"internal\",\"x-ms-permission\":\"read-only\"}},\"x-ms-displayFormat\":{\"titleProperty\":\"Value\"}},\"AccessCode\":{\"title\":\"Access Code\",\"type\":\"string\",\"x-ms-permission\":\"read-write\",\"x-ms-sort\":\"asc,desc\",\"x-ms-capabilities\":{\"filterFunctions\":[\"eq\",\"startswith\"]},\"maxLength\":8},\"VideoIcon\":{\"title\":\"VideoIcon\",\"type\":\"LargeImage\",\"x-ms-permission\":\"read-write\",\"x-ms-sort\":\"none\",\"properties\":{\"@odata.type\":{\"title\":\"@odata.type\",\"x-ms-visibility\":\"internal\",\"type\":\"string\",\"x-ms-permission\":\"read-write\"},\"Full\":{\"title\":\"Full\",\"type\":\"string\",\"x-ms-permission\":\"read-only\"},\"Small\":{\"title\":\"Small\",\"type\":\"string\",\"x-ms-permission\":\"read-only\"},\"Medium\":{\"title\":\"Medium\",\"type\":\"string\",\"x-ms-permission\":\"read-only\"},\"Large\":{\"title\":\"Large\",\"type\":\"string\",\"x-ms-permission\":\"read-only\"}},\"x-ms-media-kind\":\"image\",\"x-ms-media-default-folder-path\":\"/\",\"x-ms-media-base-url\":\"https://msmanaged-na.azure-apim.net/apim/sharepointonline/0388cc6ee0c44075a05628d49f747a75/datasets/https%253a%252f%252fcsula.sharepoint.com%252fsites%252f2023-2024SBPDGoDevelopment\"},\"QRCode\":{\"title\":\"QR Code\",\"type\":\"string\",\"format\":\"uri\",\"x-ms-permission\":\"read-write\",\"x-ms-sort\":\"asc,desc\"},\"AutoCheckout\":{\"title\":\"Checkout Status\",\"type\":\"boolean\",\"x-ms-permission\":\"read-write\",\"x-ms-sort\":\"asc,desc\",\"x-ms-capabilities\":{\"filterFunctions\":[\"eq\"]},\"default\":false},\"OData__ColorTag\":{\"title\":\"Color Tag\",\"type\":\"string\",\"x-ms-permission\":\"read-only\",\"x-ms-sort\":\"asc,desc\",\"x-ms-capabilities\":{\"filterFunctions\":[\"eq\",\"startswith\"]},\"maxLength\":255},\"ComplianceAssetId\":{\"title\":\"Compliance Asset Id\",\"type\":\"string\",\"x-ms-permission\":\"read-only\",\"x-ms-sort\":\"asc,desc\",\"x-ms-capabilities\":{\"filterFunctions\":[\"eq\",\"startswith\"]},\"maxLength\":255},\"TrainingType\":{\"title\":\"TrainingType\",\"type\":\"string\",\"x-ms-permission\":\"read-write\",\"x-ms-sort\":\"asc,desc\",\"x-ms-capabilities\":{\"filterFunctions\":[\"eq\",\"startswith\"]},\"maxLength\":255},\"TrainingSupervisor\":{\"title\":\"TrainingSupervisor\",\"type\":\"string\",\"x-ms-permission\":\"read-write\",\"x-ms-sort\":\"asc,desc\",\"x-ms-capabilities\":{\"filterFunctions\":[\"eq\",\"startswith\"]},\"maxLength\":255},\"Hours\":{\"title\":\"Hours\",\"type\":\"number\",\"format\":\"double\",\"x-ms-permission\":\"read-write\",\"x-ms-sort\":\"asc,desc\",\"x-ms-capabilities\":{\"filterFunctions\":[\"eq\",\"gt\",\"ge\",\"lt\",\"le\",\"ne\"]},\"maximum\":1.7976931348623157e+308,\"minimum\":-1.7976931348623157e+308},\"Presenter_x002f_Host#Claims\":{\"title\":\"Presenter/Host Claims\",\"type\":\"string\",\"x-ms-permission\":\"read-only\",\"x-ms-visibility\":\"internal\"},\"Presenter_x002f_Host\":{\"title\":\"Presenter/Host\",\"type\":\"object\",\"x-ms-permission\":\"read-write\",\"x-ms-sort\":\"asc,desc\",\"x-ms-capabilities\":{\"filterFunctions\":[\"eq\"]},\"properties\":{\"@odata.type\":{\"title\":\"@odata.type\",\"x-ms-visibility\":\"internal\",\"type\":\"string\",\"x-ms-permission\":\"read-write\"},\"Claims\":{\"title\":\"Claims\",\"type\":\"string\",\"x-ms-dynamic-values\":{\"operationId\":\"GetEntityValues\",\"parameters\":{\"dataset\":{\"parameter\":\"dataset\"},\"table\":{\"parameter\":\"table\"},\"id\":\"dd3dfbc3-1054-4da2-a5d3-a591fcc6458f\"},\"value-path\":\"Claims\",\"value-title\":\"DisplayName\",\"value-collection\":\"value\"}},\"DisplayName\":{\"title\":\"DisplayName\",\"type\":\"string\",\"x-ms-permission\":\"read-only\",\"x-ms-capabilities\":{\"x-ms-sp\":{\"OdataQueryName\":\"Title\"},\"filterFunctions\":[\"eq\",\"startswith\"]}},\"Email\":{\"title\":\"Email\",\"type\":\"string\",\"format\":\"email\",\"x-ms-permission\":\"read-only\",\"x-ms-capabilities\":{\"x-ms-sp\":{\"OdataQueryName\":\"EMail\"},\"filterFunctions\":[\"eq\",\"startswith\"]}},\"Picture\":{\"title\":\"Picture\",\"type\":\"string\",\"format\":\"uri\",\"x-ms-media-kind\":\"image\",\"x-ms-media-default-folder-path\":\"/sites/2023-2024SBPDGoDevelopment\",\"x-ms-media-base-url\":\"https://csula.sharepoint.com/sites/2023-2024SBPDGoDevelopment\",\"x-ms-permission\":\"read-only\"},\"Department\":{\"title\":\"Department\",\"type\":\"string\",\"x-ms-permission\":\"read-only\"},\"JobTitle\":{\"title\":\"JobTitle\",\"type\":\"string\",\"x-ms-permission\":\"read-only\"}},\"x-ms-displayFormat\":{\"titleProperty\":\"DisplayName\",\"subtitleProperty\":\"Email\",\"thumbnailProperty\":\"Picture\"}},\"Modified\":{\"title\":\"Modified\",\"description\":\"When this item was last changed.\",\"type\":\"string\",\"format\":\"date-time\",\"x-ms-permission\":\"read-only\",\"x-ms-sort\":\"asc,desc\",\"x-ms-capabilities\":{\"filterFunctions\":[\"eq\",\"gt\",\"ge\",\"lt\",\"le\",\"ne\"]}},\"Created\":{\"title\":\"Created\",\"description\":\"When this item was created.\",\"type\":\"string\",\"format\":\"date-time\",\"x-ms-permission\":\"read-only\",\"x-ms-sort\":\"asc,desc\",\"x-ms-capabilities\":{\"filterFunctions\":[\"eq\",\"gt\",\"ge\",\"lt\",\"le\",\"ne\"]}},\"Author#Claims\":{\"title\":\"Created By Claims\",\"type\":\"string\",\"description\":\"Internal identifier for the user who created this item.\",\"x-ms-permission\":\"read-only\",\"x-ms-visibility\":\"internal\"},\"Author\":{\"title\":\"Created By\",\"description\":\"The user who created this item.\",\"type\":\"object\",\"x-ms-permission\":\"read-only\",\"x-ms-sort\":\"asc,desc\",\"x-ms-capabilities\":{\"filterFunctions\":[\"eq\"]},\"properties\":{\"@odata.type\":{\"title\":\"@odata.type\",\"x-ms-visibility\":\"internal\",\"type\":\"string\",\"x-ms-permission\":\"read-only\"},\"Claims\":{\"title\":\"Claims\",\"type\":\"string\",\"description\":\"Internal identifier for the user who created this item.\",\"x-ms-permission\":\"read-only\",\"x-ms-dynamic-values\":{\"operationId\":\"GetEntityValues\",\"parameters\":{\"dataset\":{\"parameter\":\"dataset\"},\"table\":{\"parameter\":\"table\"},\"id\":\"1df5e554-ec7e-46a6-901d-d85a3881cb18\"},\"value-path\":\"Claims\",\"value-title\":\"DisplayName\",\"value-collection\":\"value\"}},\"DisplayName\":{\"title\":\"DisplayName\",\"type\":\"string\",\"description\":\"The name of the user who created this item.\",\"x-ms-permission\":\"read-only\",\"x-ms-capabilities\":{\"x-ms-sp\":{\"OdataQueryName\":\"Title\"},\"filterFunctions\":[\"eq\",\"startswith\"]}},\"Email\":{\"title\":\"Email\",\"type\":\"string\",\"description\":\"Email address of the user who created this item.\",\"format\":\"email\",\"x-ms-permission\":\"read-only\",\"x-ms-capabilities\":{\"x-ms-sp\":{\"OdataQueryName\":\"EMail\"},\"filterFunctions\":[\"eq\",\"startswith\"]}},\"Picture\":{\"title\":\"Picture\",\"type\":\"string\",\"description\":\"Link to a picture of the user who created this item.\",\"format\":\"uri\",\"x-ms-media-kind\":\"image\",\"x-ms-media-default-folder-path\":\"/sites/2023-2024SBPDGoDevelopment\",\"x-ms-media-base-url\":\"https://csula.sharepoint.com/sites/2023-2024SBPDGoDevelopment\",\"x-ms-permission\":\"read-only\"},\"Department\":{\"title\":\"Department\",\"type\":\"string\",\"description\":\"Department name of the user who created this item.\",\"x-ms-permission\":\"read-only\"},\"JobTitle\":{\"title\":\"JobTitle\",\"type\":\"string\",\"description\":\"Job title of the user who created this item.\",\"x-ms-permission\":\"read-only\"}},\"x-ms-displayFormat\":{\"titleProperty\":\"DisplayName\",\"subtitleProperty\":\"Email\",\"thumbnailProperty\":\"Picture\"}},\"Editor#Claims\":{\"title\":\"Modified By Claims\",\"type\":\"string\",\"description\":\"Internal identifier for the user who last changed this item.\",\"x-ms-permission\":\"read-only\",\"x-ms-visibility\":\"internal\"},\"Editor\":{\"title\":\"Modified By\",\"description\":\"The user who last changed this item.\",\"type\":\"object\",\"x-ms-permission\":\"read-only\",\"x-ms-sort\":\"asc,desc\",\"x-ms-capabilities\":{\"filterFunctions\":[\"eq\"]},\"properties\":{\"@odata.type\":{\"title\":\"@odata.type\",\"x-ms-visibility\":\"internal\",\"type\":\"string\",\"x-ms-permission\":\"read-only\"},\"Claims\":{\"title\":\"Claims\",\"type\":\"string\",\"description\":\"Internal identifier for the user who last changed this item.\",\"x-ms-permission\":\"read-only\",\"x-ms-dynamic-values\":{\"operationId\":\"GetEntityValues\",\"parameters\":{\"dataset\":{\"parameter\":\"dataset\"},\"table\":{\"parameter\":\"table\"},\"id\":\"d31655d1-1d5b-4511-95a1-7a09e9b75bf2\"},\"value-path\":\"Claims\",\"value-title\":\"DisplayName\",\"value-collection\":\"value\"}},\"DisplayName\":{\"title\":\"DisplayName\",\"type\":\"string\",\"description\":\"The name of the user who last changed this item.\",\"x-ms-permission\":\"read-only\",\"x-ms-capabilities\":{\"x-ms-sp\":{\"OdataQueryName\":\"Title\"},\"filterFunctions\":[\"eq\",\"startswith\"]}},\"Email\":{\"title\":\"Email\",\"type\":\"string\",\"description\":\"Email address of the user who last changed this item.\",\"format\":\"email\",\"x-ms-permission\":\"read-only\",\"x-ms-capabilities\":{\"x-ms-sp\":{\"OdataQueryName\":\"EMail\"},\"filterFunctions\":[\"eq\",\"startswith\"]}},\"Picture\":{\"title\":\"Picture\",\"type\":\"string\",\"description\":\"Link to a picture of the user who last changed this item.\",\"format\":\"uri\",\"x-ms-media-kind\":\"image\",\"x-ms-media-default-folder-path\":\"/sites/2023-2024SBPDGoDevelopment\",\"x-ms-media-base-url\":\"https://csula.sharepoint.com/sites/2023-2024SBPDGoDevelopment\",\"x-ms-permission\":\"read-only\"},\"Department\":{\"title\":\"Department\",\"type\":\"string\",\"description\":\"Department name of the user who last changed this item.\",\"x-ms-permission\":\"read-only\"},\"JobTitle\":{\"title\":\"JobTitle\",\"type\":\"string\",\"description\":\"Job title of the user who last changed this item.\",\"x-ms-permission\":\"read-only\"}},\"x-ms-displayFormat\":{\"titleProperty\":\"DisplayName\",\"subtitleProperty\":\"Email\",\"thumbnailProperty\":\"Picture\"}},\"{Identifier}\":{\"title\":\"Identifier\",\"description\":\"Value that can be used in file related actions for selecting a file.\",\"type\":\"string\",\"x-ms-permission\":\"read-only\",\"x-ms-sort\":\"none\"},\"{IsFolder}\":{\"title\":\"IsFolder\",\"description\":\"True when the item is a folder, false otherwise.\",\"type\":\"boolean\",\"x-ms-permission\":\"read-only\",\"x-ms-sort\":\"none\"},\"{Thumbnail}\":{\"title\":\"Thumbnail\",\"description\":\"URL to the thumbnails of the item in 3 different sizes, if available.\",\"type\":\"object\",\"x-ms-permission\":\"read-only\",\"x-ms-sort\":\"none\",\"properties\":{\"@odata.type\":{\"title\":\"@odata.type\",\"x-ms-visibility\":\"internal\",\"type\":\"string\",\"x-ms-permission\":\"read-only\"},\"Small\":{\"title\":\"Small\",\"type\":\"string\",\"description\":\"URL to the small, highly compressed size thumbnail of the item, if available.\",\"x-ms-permission\":\"read-only\"},\"Medium\":{\"title\":\"Medium\",\"type\":\"string\",\"description\":\"URL to the standard size thumbnail of the item, if available.\",\"x-ms-permission\":\"read-only\"},\"Large\":{\"title\":\"Large\",\"type\":\"string\",\"description\":\"URL to the largest size thumbnail of the item, if available.\",\"x-ms-permission\":\"read-only\"}}},\"{Link}\":{\"title\":\"Link to item\",\"description\":\"Link that can be used to get to the file or list item. Only people with permissions to the item will be able to open the link.\",\"type\":\"string\",\"x-ms-permission\":\"read-only\",\"x-ms-sort\":\"none\"},\"{Name}\":{\"title\":\"Name\",\"description\":\"File name of the item in document libraries, display name of the item in lists.\",\"type\":\"string\",\"x-ms-permission\":\"read-only\",\"x-ms-sort\":\"none\"},\"{FilenameWithExtension}\":{\"title\":\"File name with extension\",\"description\":\"For libraries, returns file name including extension. For lists, returns the title property.\",\"type\":\"string\",\"x-ms-permission\":\"read-only\",\"x-ms-sort\":\"none\"},\"{Path}\":{\"title\":\"Folder path\",\"description\":\"Path to the folder the item is in, relative to the site address.\",\"type\":\"string\",\"x-ms-permission\":\"read-only\",\"x-ms-sort\":\"none\"},\"{FullPath}\":{\"title\":\"Full Path\",\"description\":\"Full path of an item or a folder or a file\",\"type\":\"string\",\"x-ms-permission\":\"read-only\",\"x-ms-sort\":\"none\"},\"{ModerationStatus}\":{\"title\":\"Content approval status\",\"description\":\"The content approval status. It can be one of the following: Draft, Pending, Approved, or Rejected\",\"type\":\"string\",\"x-ms-permission\":\"read-only\",\"x-ms-sort\":\"none\"},\"{ModerationComment}\":{\"title\":\"Comments associated with the content approval of this list item\",\"description\":\"The comments associated with moderation of the list item.\",\"type\":\"string\",\"x-ms-permission\":\"read-only\",\"x-ms-sort\":\"none\"},\"{HasAttachments}\":{\"title\":\"Has attachments\",\"description\":\"Indicates the presence of attachments in the item.\",\"type\":\"boolean\",\"x-ms-permission\":\"read-only\",\"x-ms-sort\":\"none\"},\"{Attachments}@odata.type\":{\"title\":\"{Attachments}\",\"type\":\"string\",\"x-ms-visibility\":\"internal\",\"x-ms-permission\":\"read-write\"},\"{Attachments}\":{\"title\":\"Attachments\",\"description\":\"Never returns any data. Use Attachment endpoints to access item attachments.\",\"x-ms-permission\":\"read-write\",\"targetEntity\":\"attachments\",\"format\":\"x-ms-containedMediaEntity\",\"x-ms-visibility\":\"internal\",\"type\":\"array\",\"items\":{\"type\":\"object\",\"format\":\"x-ms-mediaEntity\",\"x-ms-sort\":\"none\",\"properties\":{\"@odata.type\":{\"title\":\"@odata.type\",\"x-ms-visibility\":\"internal\",\"type\":\"string\",\"x-ms-permission\":\"read-write\"},\"Id\":{\"title\":\"Id\",\"type\":\"string\",\"x-ms-keyType\":\"primary\",\"x-ms-keyOrder\":1,\"x-ms-permission\":\"read-only\"},\"AbsoluteUri\":{\"title\":\"AbsoluteUri\",\"type\":\"string\",\"format\":\"uri\",\"x-ms-permission\":\"read-only\"},\"DisplayName\":{\"title\":\"DisplayName\",\"type\":\"string\",\"x-ms-permission\":\"read-only\"}}},\"@odata.type\":\"#Collection(Microsoft.Azure.Connectors.SharePoint.SPListItemAttachment)\"},\"{VersionNumber}\":{\"title\":\"Version number\",\"description\":\"The version number of the file or the list item.\",\"type\":\"string\",\"x-ms-permission\":\"read-only\",\"x-ms-sort\":\"none\"},\"{TriggerWindowStartToken}\":{\"title\":\"Trigger Window Start Token\",\"description\":\"A token expressing the time of the last flow check. Use this if you want to check if one or more columns were modified since the last flow check.\",\"type\":\"string\",\"x-ms-permission\":\"read-only\",\"x-ms-sort\":\"none\"},\"{TriggerWindowEndToken}\":{\"title\":\"Trigger Window End Token\",\"description\":\"A token expressing the time of the current flow check. Use this if you want to check if one or more columns were modified since the last flow check.\",\"type\":\"string\",\"x-ms-permission\":\"read-only\",\"x-ms-sort\":\"none\"}},\"x-ms-relationships\":{\"MCLE_Category\":{\"targetEntity\":\"MCLE_Category\",\"referentialConstraints\":{\"MCLE_Category#Id\":{\"referencedProperty\":\"Id\"}}},\"TrainingFormat\":{\"targetEntity\":\"TrainingFormat\",\"referentialConstraints\":{\"TrainingFormat#Id\":{\"referencedProperty\":\"Id\"}}},\"TrainingStatus\":{\"targetEntity\":\"TrainingStatus\",\"referentialConstraints\":{\"TrainingStatus#Id\":{\"referencedProperty\":\"Id\"}}},\"Presenter_x002f_Host\":{\"targetEntity\":\"Presenter_x002f_Host\",\"referentialConstraints\":{\"Presenter_x002f_Host#Claims\":{\"referencedProperty\":\"Claims\"}}},\"Author\":{\"targetEntity\":\"Author\",\"referentialConstraints\":{\"Author#Claims\":{\"referencedProperty\":\"Claims\"}}},\"Editor\":{\"targetEntity\":\"Editor\",\"referentialConstraints\":{\"Editor#Claims\":{\"referencedProperty\":\"Claims\"}}}},\"x-ms-displayFormat\":{\"propertiesDisplayOrder\":[\"Title\",\"TrainingType\",\"TrainingHost\",\"TrainingDate\",\"Location\",\"Address\",\"TrainingStatus\",\"TrainingSupervisor\",\"TrainingLocation\",\"TrainingEndDay\",\"Hours\",\"VideoIcon\",\"AccessCode\",\"MCLE_Category\",\"TrainingFormat\",\"Presenter_x002f_Host\",\"QRCode\",\"AutoCheckout\",\"{Attachments}\"],\"propertiesCompactDisplayOrder\":[\"Title\",\"ID\",\"TrainingLocation\",\"TrainingHost\",\"TrainingDate\",\"TrainingEndDay\",\"Location\",\"Address\",\"MCLE_Category\",\"TrainingFormat\",\"TrainingStatus\",\"AccessCode\",\"VideoIcon\",\"QRCode\",\"AutoCheckout\"],\"propertiesTabularDisplayOrder\":[\"Title\",\"ID\",\"TrainingLocation\",\"TrainingHost\",\"TrainingDate\",\"TrainingEndDay\",\"Location\",\"Address\",\"MCLE_Category\",\"TrainingFormat\",\"TrainingStatus\",\"AccessCode\",\"VideoIcon\",\"QRCode\",\"AutoCheckout\"]}}},\"referencedEntities\":{\"MCLE_Category\":{\"lookupEndpoint\":{\"path\":\"/tables/c711c28f-ed07-432e-92ee-38efdaedffed/entities/MCLE_Category\",\"capabilities\":{\"searchable\":true,\"requiresSearch\":false}}},\"TrainingFormat\":{\"lookupEndpoint\":{\"path\":\"/tables/c711c28f-ed07-432e-92ee-38efdaedffed/entities/TrainingFormat\",\"capabilities\":{\"searchable\":true,\"requiresSearch\":false}}},\"TrainingStatus\":{\"lookupEndpoint\":{\"path\":\"/tables/c711c28f-ed07-432e-92ee-38efdaedffed/entities/TrainingStatus\",\"capabilities\":{\"searchable\":true,\"requiresSearch\":false}}},\"Presenter_x002f_Host\":{\"lookupEndpoint\":{\"path\":\"/tables/c711c28f-ed07-432e-92ee-38efdaedffed/entities/Presenter_x002f_Host\",\"capabilities\":{\"searchable\":true,\"requiresSearch\":false}}},\"Author\":{\"lookupEndpoint\":{\"path\":\"/tables/c711c28f-ed07-432e-92ee-38efdaedffed/entities/Author\",\"capabilities\":{\"searchable\":true,\"requiresSearch\":false}}},\"Editor\":{\"lookupEndpoint\":{\"path\":\"/tables/c711c28f-ed07-432e-92ee-38efdaedffed/entities/Editor\",\"capabilities\":{\"searchable\":true,\"requiresSearch\":false}}}},\"webUrl\":\"https://csula.sharepoint.com/sites/2023-2024SBPDGoDevelopment/Lists/MCLETrainings/AllItems.aspx\"}"
  },
  "EntityName": "MCLETrainings_1",
  "TableName": "c711c28f-ed07-432e-92ee-38efdaedffed"
}