[
  {
    "ApiId": "/providers/microsoft.powerapps/apis/shared_sharepointonline",
    "CdpRevision": {
      "BaseUrl": "/",
      "LastChangedTimeString": "2024-02-13T18:27:26.9080000Z",
      "RevisionNumber": 1
    },
    "ConnectedDataSourceInfoNameMapping": {
      "{Attachments}": "Attachments",
      "{Attachments}@odata.type": "{Attachments} ({Attachments}@odata.type)",
      "{FilenameWithExtension}": "File name with extension",
      "{FullPath}": "Full Path",
      "{HasAttachments}": "Has attachments",
      "{Identifier}": "Identifier",
      "{IsFolder}": "IsFolder",
      "{Link}": "Link to item",
      "{ModerationComment}": "Comments associated with the content approval of this list item",
      "{ModerationStatus}": "Content approval status",
      "{Name}": "Name",
      "{Path}": "Folder path",
      "{Thumbnail}": "Thumbnail",
      "{TriggerWindowEndToken}": "Trigger Window End Token",
      "{TriggerWindowStartToken}": "Trigger Window Start Token",
      "{VersionNumber}": "Version number",
      "Author": "Created By",
      "Author#Claims": "Created By Claims",
      "ComplianceAssetId": "Compliance Asset Id",
      "CourseDate": "CourseDate",
      "CourseFormat": "CourseFormat",
      "CourseFormat#Id": "CourseFormat Id",
      "CourseID": "CourseID",
      "CourseStatus": "CourseStatus",
      "CourseStatus#Id": "CourseStatus Id",
      "CourseTitle": "CourseTitle",
      "CourseType": "CourseType",
      "Created": "Created",
      "Editor": "Modified By",
      "Editor#Claims": "Modified By Claims",
      "ID": "ID",
      "Modified": "Modified",
      "OData__ColorTag": "Color Tag",
      "Presenter": "Presenter/Panelist",
      "Presenter#Claims": "Presenter/Panelist Claims",
      "Title": "Title"
    },
    "DatasetName": "https://csula.sharepoint.com/sites/2023-2024SBPDGoDevelopment",
    "EncodeDataset": true,
    "IsSampleData": false,
    "IsWritable": true,
    "Name": "Courses",
    "Type": "ConnectedDataSourceInfo"
  }
]