[
  {
    "ApiId": "/providers/microsoft.powerapps/apis/shared_sharepointonline",
    "CdpRevision": {
      "BaseUrl": "/",
      "LastChangedTimeString": "2024-04-24T16:59:50.3230000Z",
      "RevisionNumber": 1
    },
    "ConnectedDataSourceInfoNameMapping": {
      "{Attachments}": "Attachments",
      "{Attachments}@odata.type": "{Attachments} ({Attachments}@odata.type)",
      "{FilenameWithExtension}": "File name with extension",
      "{FullPath}": "Full Path",
      "{HasAttachments}": "Has attachments",
      "{Identifier}": "Identifier",
      "{IsFolder}": "IsFolder",
      "{Link}": "Link to item",
      "{ModerationComment}": "Comments associated with the content approval of this list item",
      "{ModerationStatus}": "Content approval status",
      "{Name}": "Name",
      "{Path}": "Folder path",
      "{Thumbnail}": "Thumbnail",
      "{TriggerWindowEndToken}": "Trigger Window End Token",
      "{TriggerWindowStartToken}": "Trigger Window Start Token",
      "{VersionNumber}": "Version number",
      "Author": "Created By",
      "Author#Claims": "Created By Claims",
      "ComplianceAssetId": "Compliance Asset Id",
      "Created": "Created",
      "Date": "Date",
      "Description": "Description",
      "Editor": "Modified By",
      "Editor#Claims": "Modified By Claims",
      "Email": "Requester Email",
      "Grouping": "Category",
      "Grouping#Id": "Category Id",
      "ID": "ID",
      "IncidentPhoto": "Incident Photo",
      "Modified": "Modified",
      "OData__ColorTag": "Color Tag",
      "RequestTitle": "Request Title",
      "Status": "Priority",
      "Status#Id": "Priority Id",
      "Status0": "Status (Status0)",
      "Status0#Id": "Status Id",
      "Title": "Requester Name"
    },
    "DatasetName": "https://csula.sharepoint.com/sites/2023-2024SBPDGoDevelopment",
    "EncodeDataset": true,
    "IsSampleData": false,
    "IsWritable": true,
    "Name": "Facility Request_1",
    "Type": "ConnectedDataSourceInfo"
  }
]