[
  {
    "ApiId": "/providers/microsoft.powerapps/apis/shared_sharepointonline",
    "CdpRevision": {
      "BaseUrl": "/",
      "LastChangedTimeString": "2024-04-24T16:59:50.3230000Z",
      "RevisionNumber": 1
    },
    "ConnectedDataSourceInfoNameMapping": {
      "{Attachments}": "Attachments",
      "{Attachments}@odata.type": "{Attachments} ({Attachments}@odata.type)",
      "{FilenameWithExtension}": "File name with extension",
      "{FullPath}": "Full Path",
      "{HasAttachments}": "Has attachments",
      "{Identifier}": "Identifier",
      "{IsFolder}": "IsFolder",
      "{Link}": "Link to item",
      "{ModerationComment}": "Comments associated with the content approval of this list item",
      "{ModerationStatus}": "Content approval status",
      "{Name}": "Name",
      "{Path}": "Folder path",
      "{Thumbnail}": "Thumbnail",
      "{TriggerWindowEndToken}": "Trigger Window End Token",
      "{TriggerWindowStartToken}": "Trigger Window Start Token",
      "{VersionNumber}": "Version number",
      "AccessCode": "Access Code",
      "Address": "Address",
      "Author": "Created By",
      "Author#Claims": "Created By Claims",
      "AutoCheckout": "Checkout Status",
      "ComplianceAssetId": "Compliance Asset Id",
      "Created": "Created",
      "Editor": "Modified By",
      "Editor#Claims": "Modified By Claims",
      "Hours": "Hours",
      "ID": "ID",
      "Location": "Location",
      "MCLE_Category": "MCLE_Category",
      "MCLE_Category#Id": "MCLE_Category Id",
      "MCLE_Category@odata.type": "MCLE_Category (MCLE_Category@odata.type)",
      "Modified": "Modified",
      "OData__ColorTag": "Color Tag",
      "Presenter_x002f_Host": "Presenter/Host",
      "Presenter_x002f_Host#Claims": "Presenter/Host Claims",
      "QRCode": "QR Code",
      "Title": "Title",
      "TrainingDate": "TrainingStartDate",
      "TrainingEndDay": "TrainingEndDay",
      "TrainingFormat": "TrainingFormat",
      "TrainingFormat#Id": "TrainingFormat Id",
      "TrainingHost": "Training Host",
      "TrainingLocation": "Training",
      "TrainingStatus": "TrainingStatus",
      "TrainingStatus#Id": "TrainingStatus Id",
      "TrainingSupervisor": "TrainingSupervisor",
      "TrainingType": "TrainingType",
      "VideoIcon": "VideoIcon"
    },
    "DatasetName": "https://csula.sharepoint.com/sites/2023-2024SBPDGoDevelopment",
    "EncodeDataset": true,
    "IsSampleData": false,
    "IsWritable": true,
    "Name": "MCLETrainings_1",
    "Type": "ConnectedDataSourceInfo"
  }
]