[
  {
    "ApiId": "/providers/microsoft.powerapps/apis/shared_sharepointonline",
    "CdpRevision": {
      "BaseUrl": "/",
      "LastChangedTimeString": "2023-11-01T17:22:40.7120000Z",
      "RevisionNumber": 1
    },
    "ConnectedDataSourceInfoNameMapping": {
      "{Attachments}": "Attachments",
      "{Attachments}@odata.type": "{Attachments} ({Attachments}@odata.type)",
      "{FilenameWithExtension}": "File name with extension",
      "{FullPath}": "Full Path",
      "{HasAttachments}": "Has attachments",
      "{Identifier}": "Identifier",
      "{IsFolder}": "IsFolder",
      "{Link}": "Link to item",
      "{ModerationComment}": "Comments associated with the content approval of this list item",
      "{ModerationStatus}": "Content approval status",
      "{Name}": "Name",
      "{Path}": "Folder path",
      "{Thumbnail}": "Thumbnail",
      "{TriggerWindowEndToken}": "Trigger Window End Token",
      "{TriggerWindowStartToken}": "Trigger Window Start Token",
      "{VersionNumber}": "Version number",
      "Author": "Created By",
      "Author#Claims": "Created By Claims",
      "ComplianceAssetId": "Compliance Asset Id",
      "Created": "Created",
      "Description": "Description",
      "Editor": "Modified By",
      "Editor#Claims": "Modified By Claims",
      "ID": "ID",
      "Modified": "Modified",
      "OData__ColorTag": "Color Tag",
      "Title": "Title"
    },
    "DatasetName": "https://csula.sharepoint.com/sites/2023-2024SBPDGoDevelopment",
    "EncodeDataset": true,
    "IsSampleData": false,
    "IsWritable": true,
    "Name": "RequestCodes",
    "Type": "ConnectedDataSourceInfo"
  }
]