[
  {
    "ApiId": "/providers/microsoft.powerapps/apis/shared_sharepointonline",
    "CdpRevision": {
      "BaseUrl": "/",
      "LastChangedTimeString": "2024-04-24T16:59:50.3230000Z",
      "RevisionNumber": 1
    },
    "ConnectedDataSourceInfoNameMapping": {
      "{Attachments}": "Attachments",
      "{Attachments}@odata.type": "{Attachments} ({Attachments}@odata.type)",
      "{FilenameWithExtension}": "File name with extension",
      "{FullPath}": "Full Path",
      "{HasAttachments}": "Has attachments",
      "{Identifier}": "Identifier",
      "{IsFolder}": "IsFolder",
      "{Link}": "Link to item",
      "{ModerationComment}": "Comments associated with the content approval of this list item",
      "{ModerationStatus}": "Content approval status",
      "{Name}": "Name",
      "{Path}": "Folder path",
      "{Thumbnail}": "Thumbnail",
      "{TriggerWindowEndToken}": "Trigger Window End Token",
      "{TriggerWindowStartToken}": "Trigger Window Start Token",
      "{VersionNumber}": "Version number",
      "Author": "Created By",
      "Author#Claims": "Created By Claims",
      "Comments": "Comments",
      "ComplianceAssetId": "Compliance Asset Id",
      "Created": "Created",
      "Days": "Days",
      "Days#Id": "Days Id",
      "Days@odata.type": "Days (Days@odata.type)",
      "Editor": "Modified By",
      "Editor#Claims": "Modified By Claims",
      "ID": "ID",
      "Modified": "Modified",
      "OData__ColorTag": "Color Tag",
      "Reason": "Reason",
      "Requestor": "Requester",
      "Status": "Status",
      "Status#Id": "Status Id",
      "StatusCode": "StatusCode",
      "Title": "Title"
    },
    "DatasetName": "https://csula.sharepoint.com/sites/2023-2024SBPDGoDevelopment",
    "EncodeDataset": true,
    "IsSampleData": false,
    "IsWritable": true,
    "Name": "TimeOffRequests",
    "Type": "ConnectedDataSourceInfo"
  }
]