[
  {
    "ApiId": "/providers/microsoft.powerapps/apis/shared_sharepointonline",
    "CdpRevision": {
      "BaseUrl": "/",
      "LastChangedTimeString": "2024-04-24T16:59:50.3230000Z",
      "RevisionNumber": 1
    },
    "ConnectedDataSourceInfoNameMapping": {
      "{Attachments}": "Attachments",
      "{Attachments}@odata.type": "{Attachments} ({Attachments}@odata.type)",
      "{FilenameWithExtension}": "File name with extension",
      "{FullPath}": "Full Path",
      "{HasAttachments}": "Has attachments",
      "{Identifier}": "Identifier",
      "{IsFolder}": "IsFolder",
      "{Link}": "Link to item",
      "{ModerationComment}": "Comments associated with the content approval of this list item",
      "{ModerationStatus}": "Content approval status",
      "{Name}": "Name",
      "{Path}": "Folder path",
      "{Thumbnail}": "Thumbnail",
      "{TriggerWindowEndToken}": "Trigger Window End Token",
      "{TriggerWindowStartToken}": "Trigger Window Start Token",
      "{VersionNumber}": "Version number",
      "AboutMe": "About Me",
      "Author": "Created By",
      "Author#Claims": "Created By Claims",
      "Capabilities": "Capabilities",
      "Capabilities#Id": "Capabilities Id",
      "Capabilities@odata.type": "Capabilities (Capabilities@odata.type)",
      "ComplianceAssetId": "Compliance Asset Id",
      "Created": "Created",
      "Editor": "Modified By",
      "Editor#Claims": "Modified By Claims",
      "EmailAddress": "Email Address",
      "EntraID": "Office365",
      "FullName": "Full Name",
      "ID": "ID",
      "Modified": "Modified",
      "OData__ColorTag": "Color Tag",
      "PhoneNumber": "Phone Number",
      "ProfilePicture": "Profile Picture",
      "Supervisor": "Supervisor",
      "TeamID": "Team ID",
      "TeamID#Id": "Team ID Id",
      "Title": "Title",
      "UserType": "UserType",
      "UserType#Id": "UserType Id"
    },
    "DatasetName": "https://csula.sharepoint.com/sites/2023-2024SBPDGoDevelopment",
    "EncodeDataset": true,
    "IsSampleData": false,
    "IsWritable": true,
    "Name": "Users",
    "Type": "ConnectedDataSourceInfo"
  }
]